,Compound,Date,Negative,Neutral,Positive,Tweets Ago,User
0,0.0,Sat Jul 14 19:03:07 +0000 2018,1.0,0.0,0.0,1,@BBC
1,0.3818,Sat Jul 14 18:03:04 +0000 2018,0.843,0.0,0.157,2,@BBC
2,0.8271,Sat Jul 14 17:32:50 +0000 2018,0.609,0.0,0.391,3,@BBC
3,0.6688,Sat Jul 14 16:23:10 +0000 2018,0.824,0.0,0.176,4,@BBC
4,0.2714,Sat Jul 14 16:03:05 +0000 2018,0.621,0.147,0.232,5,@BBC
5,0.0,Sat Jul 14 13:03:04 +0000 2018,1.0,0.0,0.0,6,@BBC
6,0.0,Sat Jul 14 12:10:55 +0000 2018,1.0,0.0,0.0,7,@BBC
7,0.0,Sat Jul 14 12:08:51 +0000 2018,1.0,0.0,0.0,8,@BBC
8,0.0,Sat Jul 14 12:04:02 +0000 2018,1.0,0.0,0.0,9,@BBC
9,0.0,Sat Jul 14 11:13:46 +0000 2018,1.0,0.0,0.0,10,@BBC
10,0.0,Sat Jul 14 11:07:03 +0000 2018,1.0,0.0,0.0,11,@BBC
11,-0.2732,Sat Jul 14 10:03:02 +0000 2018,0.87,0.13,0.0,12,@BBC
12,0.1027,Sat Jul 14 09:54:33 +0000 2018,0.924,0.0,0.076,13,@BBC
13,0.4019,Sat Jul 14 09:07:03 +0000 2018,0.838,0.0,0.162,14,@BBC
14,0.7506,Sat Jul 14 08:02:07 +0000 2018,0.652,0.0,0.348,15,@BBC
15,0.6249,Sat Jul 14 07:33:07 +0000 2018,0.608,0.118,0.274,16,@BBC
16,-0.7003,Sat Jul 14 07:04:02 +0000 2018,0.734,0.266,0.0,17,@BBC
17,0.7964,Fri Jul 13 20:32:04 +0000 2018,0.728,0.0,0.272,18,@BBC
18,0.8268,Fri Jul 13 18:31:05 +0000 2018,0.688,0.0,0.312,19,@BBC
19,0.0,Fri Jul 13 18:30:37 +0000 2018,1.0,0.0,0.0,20,@BBC
20,-0.7876,Fri Jul 13 17:32:04 +0000 2018,0.669,0.331,0.0,21,@BBC
21,0.9022,Fri Jul 13 17:02:05 +0000 2018,0.643,0.0,0.357,22,@BBC
22,-0.0516,Fri Jul 13 15:59:00 +0000 2018,0.938,0.062,0.0,23,@BBC
23,0.0,Fri Jul 13 15:47:44 +0000 2018,1.0,0.0,0.0,24,@BBC
24,0.0382,Fri Jul 13 15:04:04 +0000 2018,0.943,0.0,0.057,25,@BBC
25,-0.7579,Fri Jul 13 12:03:03 +0000 2018,0.418,0.427,0.155,26,@BBC
26,0.3182,Fri Jul 13 11:03:03 +0000 2018,0.881,0.0,0.119,27,@BBC
27,0.0,Fri Jul 13 10:01:02 +0000 2018,1.0,0.0,0.0,28,@BBC
28,0.0,Fri Jul 13 09:59:32 +0000 2018,1.0,0.0,0.0,29,@BBC
29,0.0,Fri Jul 13 08:03:04 +0000 2018,1.0,0.0,0.0,30,@BBC
30,0.1779,Fri Jul 13 07:27:05 +0000 2018,0.909,0.0,0.091,31,@BBC
31,0.0,Fri Jul 13 07:03:02 +0000 2018,1.0,0.0,0.0,32,@BBC
32,-0.0772,Thu Jul 12 20:02:02 +0000 2018,0.929,0.071,0.0,33,@BBC
33,0.6249,Thu Jul 12 18:04:07 +0000 2018,0.785,0.0,0.215,34,@BBC
34,-0.0258,Thu Jul 12 17:03:06 +0000 2018,0.539,0.215,0.246,35,@BBC
35,0.0,Thu Jul 12 16:03:02 +0000 2018,1.0,0.0,0.0,36,@BBC
36,0.6597,Thu Jul 12 14:47:18 +0000 2018,0.512,0.178,0.31,37,@BBC
37,0.4404,Thu Jul 12 13:04:03 +0000 2018,0.854,0.0,0.146,38,@BBC
38,0.0,Thu Jul 12 12:04:04 +0000 2018,1.0,0.0,0.0,39,@BBC
39,-0.3182,Thu Jul 12 11:43:48 +0000 2018,0.913,0.087,0.0,40,@BBC
40,0.0,Thu Jul 12 11:02:03 +0000 2018,1.0,0.0,0.0,41,@BBC
41,0.0,Thu Jul 12 10:30:00 +0000 2018,1.0,0.0,0.0,42,@BBC
42,-0.1788,Thu Jul 12 08:03:03 +0000 2018,0.733,0.182,0.086,43,@BBC
43,0.0,Thu Jul 12 07:31:08 +0000 2018,1.0,0.0,0.0,44,@BBC
44,0.0,Thu Jul 12 07:03:04 +0000 2018,1.0,0.0,0.0,45,@BBC
45,0.0,Wed Jul 11 20:39:03 +0000 2018,1.0,0.0,0.0,46,@BBC
46,0.0,Wed Jul 11 20:23:23 +0000 2018,1.0,0.0,0.0,47,@BBC
47,-0.1027,Wed Jul 11 20:03:46 +0000 2018,0.924,0.076,0.0,48,@BBC
48,0.3612,Wed Jul 11 19:52:13 +0000 2018,0.865,0.0,0.135,49,@BBC
49,-0.296,Wed Jul 11 19:49:56 +0000 2018,0.694,0.306,0.0,50,@BBC
50,0.0,Wed Jul 11 19:27:11 +0000 2018,1.0,0.0,0.0,51,@BBC
51,-0.0191,Wed Jul 11 19:20:29 +0000 2018,0.944,0.056,0.0,52,@BBC
52,0.0,Wed Jul 11 19:16:46 +0000 2018,1.0,0.0,0.0,53,@BBC
53,0.6705,Wed Jul 11 19:02:33 +0000 2018,0.776,0.0,0.224,54,@BBC
54,0.3182,Wed Jul 11 19:02:02 +0000 2018,0.874,0.0,0.126,55,@BBC
55,0.0,Wed Jul 11 18:50:03 +0000 2018,1.0,0.0,0.0,56,@BBC
56,0.0,Wed Jul 11 18:06:07 +0000 2018,1.0,0.0,0.0,57,@BBC
57,0.0,Wed Jul 11 18:00:11 +0000 2018,1.0,0.0,0.0,58,@BBC
58,0.0,Wed Jul 11 17:57:05 +0000 2018,1.0,0.0,0.0,59,@BBC
59,0.0,Wed Jul 11 17:01:04 +0000 2018,1.0,0.0,0.0,60,@BBC
60,0.0,Wed Jul 11 16:01:05 +0000 2018,1.0,0.0,0.0,61,@BBC
61,0.0,Wed Jul 11 13:03:06 +0000 2018,1.0,0.0,0.0,62,@BBC
62,0.5994,Wed Jul 11 11:32:03 +0000 2018,0.692,0.0,0.308,63,@BBC
63,0.3612,Wed Jul 11 11:02:02 +0000 2018,0.884,0.0,0.116,64,@BBC
64,0.0,Wed Jul 11 09:53:20 +0000 2018,1.0,0.0,0.0,65,@BBC
65,0.5719,Wed Jul 11 09:32:05 +0000 2018,0.829,0.0,0.171,66,@BBC
66,-0.2732,Wed Jul 11 09:04:05 +0000 2018,0.905,0.095,0.0,67,@BBC
67,0.5859,Wed Jul 11 08:00:00 +0000 2018,0.798,0.0,0.202,68,@BBC
68,0.5018,Wed Jul 11 07:39:04 +0000 2018,0.755,0.0,0.245,69,@BBC
69,-0.8402,Wed Jul 11 07:33:03 +0000 2018,0.571,0.429,0.0,70,@BBC
70,0.0,Wed Jul 11 07:03:05 +0000 2018,1.0,0.0,0.0,71,@BBC
71,0.0,Tue Jul 10 20:02:05 +0000 2018,1.0,0.0,0.0,72,@BBC
72,0.0,Tue Jul 10 19:04:02 +0000 2018,1.0,0.0,0.0,73,@BBC
73,0.8625,Tue Jul 10 18:04:04 +0000 2018,0.556,0.0,0.444,74,@BBC
74,0.7717,Tue Jul 10 17:31:05 +0000 2018,0.676,0.0,0.324,75,@BBC
75,-0.8338,Tue Jul 10 15:32:02 +0000 2018,0.593,0.34,0.066,76,@BBC
76,0.7269,Tue Jul 10 15:14:38 +0000 2018,0.711,0.0,0.289,77,@BBC
77,0.6763,Tue Jul 10 13:01:05 +0000 2018,0.68,0.079,0.242,78,@BBC
78,0.4939,Tue Jul 10 12:18:03 +0000 2018,0.868,0.0,0.132,79,@BBC
79,0.0,Tue Jul 10 12:03:04 +0000 2018,1.0,0.0,0.0,80,@BBC
80,0.4588,Tue Jul 10 11:33:00 +0000 2018,0.769,0.073,0.158,81,@BBC
81,-0.5632,Tue Jul 10 11:04:01 +0000 2018,0.812,0.188,0.0,82,@BBC
82,0.0,Tue Jul 10 09:17:05 +0000 2018,1.0,0.0,0.0,83,@BBC
83,0.3612,Tue Jul 10 09:06:27 +0000 2018,0.884,0.0,0.116,84,@BBC
84,0.8402,Tue Jul 10 08:59:10 +0000 2018,0.5,0.0,0.5,85,@BBC
85,0.0,Tue Jul 10 08:56:04 +0000 2018,1.0,0.0,0.0,86,@BBC
86,0.4939,Tue Jul 10 08:55:48 +0000 2018,0.856,0.0,0.144,87,@BBC
87,0.0,Tue Jul 10 08:05:02 +0000 2018,1.0,0.0,0.0,88,@BBC
88,0.5719,Tue Jul 10 07:29:03 +0000 2018,0.829,0.0,0.171,89,@BBC
89,0.6369,Mon Jul 09 20:02:05 +0000 2018,0.833,0.0,0.167,90,@BBC
90,0.5994,Mon Jul 09 19:02:06 +0000 2018,0.818,0.0,0.182,91,@BBC
91,0.4767,Mon Jul 09 18:02:03 +0000 2018,0.78,0.0,0.22,92,@BBC
92,0.9403,Mon Jul 09 16:04:04 +0000 2018,0.505,0.0,0.495,93,@BBC
93,0.0,Mon Jul 09 15:51:05 +0000 2018,1.0,0.0,0.0,94,@BBC
94,0.8268,Mon Jul 09 15:20:14 +0000 2018,0.675,0.0,0.325,95,@BBC
95,0.8221,Mon Jul 09 14:29:05 +0000 2018,0.664,0.0,0.336,96,@BBC
96,-0.5423,Mon Jul 09 14:23:06 +0000 2018,0.78,0.22,0.0,97,@BBC
97,0.4215,Mon Jul 09 14:17:04 +0000 2018,0.872,0.0,0.128,98,@BBC
98,-0.4767,Mon Jul 09 13:03:05 +0000 2018,0.795,0.205,0.0,99,@BBC
99,0.6597,Mon Jul 09 12:18:40 +0000 2018,0.531,0.115,0.354,100,@BBC
100,0.1139,Fri Jul 13 21:35:01 +0000 2018,0.922,0.0,0.078,1,@CBS
101,-0.4404,Fri Jul 13 21:15:41 +0000 2018,0.868,0.132,0.0,2,@CBS
102,0.0,Fri Jul 13 17:49:38 +0000 2018,1.0,0.0,0.0,3,@CBS
103,0.6514,Thu Jul 12 01:01:24 +0000 2018,0.718,0.0,0.282,4,@CBS
104,0.5562,Wed Jul 11 21:44:45 +0000 2018,0.826,0.0,0.174,5,@CBS
105,0.5411,Wed Jul 11 19:09:34 +0000 2018,0.857,0.0,0.143,6,@CBS
106,0.0,Mon Jul 09 23:55:07 +0000 2018,1.0,0.0,0.0,7,@CBS
107,-0.3818,Mon Jul 09 18:53:34 +0000 2018,0.894,0.106,0.0,8,@CBS
108,0.3182,Mon Jul 09 18:09:00 +0000 2018,0.897,0.0,0.103,9,@CBS
109,0.4019,Fri Jul 06 22:22:55 +0000 2018,0.847,0.0,0.153,10,@CBS
110,0.7777,Fri Jul 06 18:26:37 +0000 2018,0.657,0.0,0.343,11,@CBS
111,0.3612,Thu Jul 05 21:12:17 +0000 2018,0.898,0.0,0.102,12,@CBS
112,0.3182,Mon Jul 02 21:13:11 +0000 2018,0.892,0.0,0.108,13,@CBS
113,0.0,Mon Jul 02 20:47:32 +0000 2018,1.0,0.0,0.0,14,@CBS
114,0.0,Mon Jul 02 17:27:06 +0000 2018,1.0,0.0,0.0,15,@CBS
115,0.5411,Mon Jul 02 17:00:02 +0000 2018,0.741,0.0,0.259,16,@CBS
116,0.0,Wed Jun 27 20:31:32 +0000 2018,1.0,0.0,0.0,17,@CBS
117,0.7574,Wed Jun 27 14:00:01 +0000 2018,0.711,0.0,0.289,18,@CBS
118,0.5574,Mon Jun 25 18:20:25 +0000 2018,0.796,0.0,0.204,19,@CBS
119,0.1867,Fri Jun 22 21:19:06 +0000 2018,0.902,0.0,0.098,20,@CBS
120,0.4199,Fri Jun 22 18:33:53 +0000 2018,0.811,0.0,0.189,21,@CBS
121,0.4926,Thu Jun 21 23:29:50 +0000 2018,0.758,0.0,0.242,22,@CBS
122,0.3555,Wed Jun 20 00:39:01 +0000 2018,0.642,0.136,0.222,23,@CBS
123,0.0,Mon Jun 18 20:27:50 +0000 2018,1.0,0.0,0.0,24,@CBS
124,0.0,Mon Jun 18 15:00:46 +0000 2018,1.0,0.0,0.0,25,@CBS
125,0.9392,Sun Jun 17 13:00:01 +0000 2018,0.507,0.0,0.493,26,@CBS
126,0.3595,Fri Jun 15 18:48:29 +0000 2018,0.872,0.0,0.128,27,@CBS
127,-0.296,Thu Jun 14 17:30:00 +0000 2018,0.833,0.167,0.0,28,@CBS
128,0.1779,Thu Jun 14 16:19:32 +0000 2018,0.734,0.12,0.147,29,@CBS
129,-0.5562,Tue Jun 12 00:19:23 +0000 2018,0.551,0.315,0.134,30,@CBS
130,0.5093,Mon Jun 11 22:23:06 +0000 2018,0.829,0.0,0.171,31,@CBS
131,-0.296,Mon Jun 11 19:01:38 +0000 2018,0.833,0.167,0.0,32,@CBS
132,0.0,Mon Jun 11 14:00:37 +0000 2018,1.0,0.0,0.0,33,@CBS
133,0.0,Mon Jun 11 06:19:36 +0000 2018,1.0,0.0,0.0,34,@CBS
134,0.4767,Mon Jun 11 06:04:41 +0000 2018,0.78,0.0,0.22,35,@CBS
135,0.8478,Mon Jun 11 03:10:33 +0000 2018,0.594,0.0,0.406,36,@CBS
136,0.92,Mon Jun 11 03:02:06 +0000 2018,0.537,0.0,0.463,37,@CBS
137,0.0,Mon Jun 11 02:58:30 +0000 2018,1.0,0.0,0.0,38,@CBS
138,0.4404,Mon Jun 11 02:56:40 +0000 2018,0.847,0.0,0.153,39,@CBS
139,0.836,Mon Jun 11 02:56:10 +0000 2018,0.533,0.0,0.467,40,@CBS
140,0.0,Mon Jun 11 02:53:00 +0000 2018,1.0,0.0,0.0,41,@CBS
141,0.6369,Mon Jun 11 02:47:29 +0000 2018,0.682,0.0,0.318,42,@CBS
142,0.7978,Mon Jun 11 02:44:50 +0000 2018,0.457,0.0,0.543,43,@CBS
143,0.9523,Mon Jun 11 02:44:37 +0000 2018,0.45,0.0,0.55,44,@CBS
144,0.5994,Mon Jun 11 02:33:09 +0000 2018,0.698,0.0,0.302,45,@CBS
145,0.4215,Mon Jun 11 02:29:18 +0000 2018,0.877,0.0,0.123,46,@CBS
146,0.8932,Mon Jun 11 02:23:56 +0000 2018,0.483,0.0,0.517,47,@CBS
147,0.0,Mon Jun 11 02:21:03 +0000 2018,1.0,0.0,0.0,48,@CBS
148,0.0,Mon Jun 11 02:16:06 +0000 2018,1.0,0.0,0.0,49,@CBS
149,0.8908,Mon Jun 11 02:11:03 +0000 2018,0.509,0.0,0.491,50,@CBS
150,0.0,Mon Jun 11 02:05:47 +0000 2018,1.0,0.0,0.0,51,@CBS
151,0.4926,Mon Jun 11 02:03:31 +0000 2018,0.738,0.0,0.262,52,@CBS
152,0.5093,Mon Jun 11 01:58:48 +0000 2018,0.477,0.0,0.523,53,@CBS
153,0.7579,Mon Jun 11 01:53:17 +0000 2018,0.435,0.0,0.565,54,@CBS
154,0.6467,Mon Jun 11 01:51:16 +0000 2018,0.752,0.0,0.248,55,@CBS
155,0.0,Mon Jun 11 01:38:23 +0000 2018,1.0,0.0,0.0,56,@CBS
156,0.636,Mon Jun 11 01:37:36 +0000 2018,0.724,0.0,0.276,57,@CBS
157,0.8834,Mon Jun 11 01:30:56 +0000 2018,0.437,0.0,0.563,58,@CBS
158,0.0,Mon Jun 11 01:29:21 +0000 2018,1.0,0.0,0.0,59,@CBS
159,0.7351,Mon Jun 11 01:26:03 +0000 2018,0.625,0.079,0.296,60,@CBS
160,0.0,Mon Jun 11 01:25:59 +0000 2018,1.0,0.0,0.0,61,@CBS
161,0.0,Mon Jun 11 01:24:46 +0000 2018,1.0,0.0,0.0,62,@CBS
162,0.4019,Mon Jun 11 01:24:12 +0000 2018,0.838,0.0,0.162,63,@CBS
163,0.9151,Mon Jun 11 01:19:59 +0000 2018,0.543,0.0,0.457,64,@CBS
164,0.6369,Mon Jun 11 01:12:31 +0000 2018,0.625,0.0,0.375,65,@CBS
165,0.1511,Mon Jun 11 01:08:28 +0000 2018,0.898,0.0,0.102,66,@CBS
166,0.1531,Mon Jun 11 01:08:24 +0000 2018,0.852,0.0,0.148,67,@CBS
167,0.8834,Mon Jun 11 01:02:47 +0000 2018,0.437,0.0,0.563,68,@CBS
168,0.0,Mon Jun 11 00:58:06 +0000 2018,1.0,0.0,0.0,69,@CBS
169,0.2714,Mon Jun 11 00:52:34 +0000 2018,0.793,0.0,0.207,70,@CBS
170,0.0,Mon Jun 11 00:51:11 +0000 2018,1.0,0.0,0.0,71,@CBS
171,0.8478,Mon Jun 11 00:50:18 +0000 2018,0.494,0.0,0.506,72,@CBS
172,0.8858,Mon Jun 11 00:45:14 +0000 2018,0.435,0.0,0.565,73,@CBS
173,0.0,Mon Jun 11 00:44:36 +0000 2018,1.0,0.0,0.0,74,@CBS
174,0.25,Mon Jun 11 00:35:41 +0000 2018,0.92,0.0,0.08,75,@CBS
175,0.4588,Mon Jun 11 00:34:45 +0000 2018,0.833,0.0,0.167,76,@CBS
176,0.0,Mon Jun 11 00:31:28 +0000 2018,1.0,0.0,0.0,77,@CBS
177,0.3612,Mon Jun 11 00:27:42 +0000 2018,0.737,0.0,0.263,78,@CBS
178,0.8908,Mon Jun 11 00:27:00 +0000 2018,0.43,0.0,0.57,79,@CBS
179,0.0,Mon Jun 11 00:24:31 +0000 2018,1.0,0.0,0.0,80,@CBS
180,0.0,Mon Jun 11 00:22:15 +0000 2018,1.0,0.0,0.0,81,@CBS
181,0.6369,Mon Jun 11 00:22:15 +0000 2018,0.588,0.0,0.412,82,@CBS
182,0.0,Mon Jun 11 00:18:16 +0000 2018,1.0,0.0,0.0,83,@CBS
183,0.6369,Mon Jun 11 00:13:27 +0000 2018,0.756,0.0,0.244,84,@CBS
184,0.8834,Mon Jun 11 00:12:31 +0000 2018,0.437,0.0,0.563,85,@CBS
185,0.6696,Mon Jun 11 00:06:39 +0000 2018,0.64,0.0,0.36,86,@CBS
186,0.0,Mon Jun 11 00:04:15 +0000 2018,1.0,0.0,0.0,87,@CBS
187,0.0,Sun Jun 10 23:59:00 +0000 2018,1.0,0.0,0.0,88,@CBS
188,0.0,Sun Jun 10 23:18:15 +0000 2018,1.0,0.0,0.0,89,@CBS
189,0.0,Sun Jun 10 22:01:25 +0000 2018,1.0,0.0,0.0,90,@CBS
190,0.4184,Sun Jun 10 15:00:01 +0000 2018,0.843,0.0,0.157,91,@CBS
191,0.5093,Sat Jun 09 21:00:02 +0000 2018,0.845,0.0,0.155,92,@CBS
192,0.0,Sat Jun 09 16:00:00 +0000 2018,1.0,0.0,0.0,93,@CBS
193,0.296,Fri Jun 08 19:46:17 +0000 2018,0.82,0.0,0.18,94,@CBS
194,0.0,Fri Jun 08 15:00:03 +0000 2018,1.0,0.0,0.0,95,@CBS
195,0.9078,Fri Jun 08 13:58:15 +0000 2018,0.564,0.0,0.436,96,@CBS
196,0.3612,Thu Jun 07 17:03:26 +0000 2018,0.872,0.0,0.128,97,@CBS
197,0.2732,Wed Jun 06 21:00:24 +0000 2018,0.719,0.105,0.176,98,@CBS
198,0.3595,Wed Jun 06 00:08:30 +0000 2018,0.872,0.0,0.128,99,@CBS
199,-0.4404,Tue Jun 05 22:23:35 +0000 2018,0.723,0.177,0.1,100,@CBS
200,0.0,Sun Jul 15 01:30:17 +0000 2018,1.0,0.0,0.0,1,@CNN
201,-0.6705,Sun Jul 15 01:00:08 +0000 2018,0.732,0.268,0.0,2,@CNN
202,0.5574,Sun Jul 15 00:30:12 +0000 2018,0.783,0.0,0.217,3,@CNN
203,0.0772,Sun Jul 15 00:00:04 +0000 2018,0.909,0.0,0.091,4,@CNN
204,-0.0258,Sat Jul 14 23:30:08 +0000 2018,0.749,0.128,0.123,5,@CNN
205,0.0,Sat Jul 14 23:00:05 +0000 2018,1.0,0.0,0.0,6,@CNN
206,-0.7845,Sat Jul 14 22:30:07 +0000 2018,0.635,0.365,0.0,7,@CNN
207,-0.7964,Sat Jul 14 22:15:57 +0000 2018,0.649,0.351,0.0,8,@CNN
208,-0.1779,Sat Jul 14 22:00:27 +0000 2018,0.773,0.13,0.097,9,@CNN
209,-0.4939,Sat Jul 14 21:45:05 +0000 2018,0.833,0.167,0.0,10,@CNN
210,0.0,Sat Jul 14 21:30:12 +0000 2018,1.0,0.0,0.0,11,@CNN
211,0.0,Sat Jul 14 21:15:04 +0000 2018,1.0,0.0,0.0,12,@CNN
212,0.0,Sat Jul 14 21:00:03 +0000 2018,1.0,0.0,0.0,13,@CNN
213,-0.1531,Sat Jul 14 20:45:06 +0000 2018,0.897,0.103,0.0,14,@CNN
214,-0.4588,Sat Jul 14 20:30:09 +0000 2018,0.786,0.214,0.0,15,@CNN
215,0.296,Sat Jul 14 20:15:05 +0000 2018,0.891,0.0,0.109,16,@CNN
216,0.0,Sat Jul 14 20:00:13 +0000 2018,1.0,0.0,0.0,17,@CNN
217,0.0,Sat Jul 14 19:45:06 +0000 2018,1.0,0.0,0.0,18,@CNN
218,-0.4588,Sat Jul 14 19:30:12 +0000 2018,0.762,0.167,0.071,19,@CNN
219,0.0,Sat Jul 14 19:15:10 +0000 2018,1.0,0.0,0.0,20,@CNN
220,-0.5106,Sat Jul 14 19:00:12 +0000 2018,0.633,0.258,0.109,21,@CNN
221,-0.3252,Sat Jul 14 18:45:08 +0000 2018,0.873,0.127,0.0,22,@CNN
222,-0.296,Sat Jul 14 18:30:17 +0000 2018,0.833,0.167,0.0,23,@CNN
223,-0.5719,Sat Jul 14 18:15:00 +0000 2018,0.769,0.17,0.061,24,@CNN
224,-0.34,Sat Jul 14 18:03:36 +0000 2018,0.789,0.211,0.0,25,@CNN
225,0.6553,Sat Jul 14 18:00:04 +0000 2018,0.789,0.0,0.211,26,@CNN
226,0.4215,Sat Jul 14 17:45:00 +0000 2018,0.877,0.0,0.123,27,@CNN
227,-0.3612,Sat Jul 14 17:38:39 +0000 2018,0.837,0.163,0.0,28,@CNN
228,0.0,Sat Jul 14 17:28:24 +0000 2018,1.0,0.0,0.0,29,@CNN
229,-0.4215,Sat Jul 14 17:11:35 +0000 2018,0.851,0.149,0.0,30,@CNN
230,0.5859,Sat Jul 14 16:53:47 +0000 2018,0.798,0.0,0.202,31,@CNN
231,0.5859,Sat Jul 14 16:35:05 +0000 2018,0.798,0.0,0.202,32,@CNN
232,0.4215,Sat Jul 14 16:30:50 +0000 2018,0.865,0.0,0.135,33,@CNN
233,0.4939,Sat Jul 14 16:15:00 +0000 2018,0.744,0.083,0.174,34,@CNN
234,0.0,Sat Jul 14 16:03:49 +0000 2018,1.0,0.0,0.0,35,@CNN
235,0.128,Sat Jul 14 15:45:09 +0000 2018,0.705,0.115,0.181,36,@CNN
236,0.0258,Sat Jul 14 15:30:06 +0000 2018,0.927,0.0,0.073,37,@CNN
237,0.6597,Sat Jul 14 15:15:10 +0000 2018,0.748,0.0,0.252,38,@CNN
238,-0.1027,Sat Jul 14 15:01:05 +0000 2018,0.583,0.217,0.2,39,@CNN
239,0.5106,Sat Jul 14 14:52:07 +0000 2018,0.732,0.0,0.268,40,@CNN
240,-0.4215,Sat Jul 14 14:01:48 +0000 2018,0.629,0.215,0.156,41,@CNN
241,0.0,Sat Jul 14 13:46:05 +0000 2018,1.0,0.0,0.0,42,@CNN
242,0.0,Sat Jul 14 13:31:00 +0000 2018,1.0,0.0,0.0,43,@CNN
243,0.4404,Sat Jul 14 13:01:03 +0000 2018,0.868,0.0,0.132,44,@CNN
244,0.7096,Sat Jul 14 12:46:07 +0000 2018,0.772,0.0,0.228,45,@CNN
245,0.0,Sat Jul 14 12:31:02 +0000 2018,1.0,0.0,0.0,46,@CNN
246,0.0,Sat Jul 14 12:01:05 +0000 2018,1.0,0.0,0.0,47,@CNN
247,-0.3412,Sat Jul 14 11:31:00 +0000 2018,0.869,0.131,0.0,48,@CNN
248,-0.7964,Sat Jul 14 11:01:04 +0000 2018,0.618,0.309,0.073,49,@CNN
249,0.0,Sat Jul 14 10:31:00 +0000 2018,1.0,0.0,0.0,50,@CNN
250,-0.0772,Sat Jul 14 10:16:11 +0000 2018,0.933,0.067,0.0,51,@CNN
251,-0.5267,Sat Jul 14 10:02:10 +0000 2018,0.841,0.159,0.0,52,@CNN
252,0.4939,Sat Jul 14 09:46:04 +0000 2018,0.833,0.0,0.167,53,@CNN
253,0.7351,Sat Jul 14 09:31:00 +0000 2018,0.744,0.0,0.256,54,@CNN
254,0.0,Sat Jul 14 09:01:03 +0000 2018,1.0,0.0,0.0,55,@CNN
255,0.7717,Sat Jul 14 08:31:00 +0000 2018,0.642,0.0,0.358,56,@CNN
256,0.0,Sat Jul 14 08:01:07 +0000 2018,1.0,0.0,0.0,57,@CNN
257,-0.34,Sat Jul 14 07:31:00 +0000 2018,0.738,0.18,0.082,58,@CNN
258,-0.7964,Sat Jul 14 07:01:41 +0000 2018,0.747,0.253,0.0,59,@CNN
259,0.4215,Sat Jul 14 06:31:00 +0000 2018,0.851,0.0,0.149,60,@CNN
260,-0.5423,Sat Jul 14 06:01:04 +0000 2018,0.8,0.2,0.0,61,@CNN
261,-0.5574,Sat Jul 14 05:46:07 +0000 2018,0.825,0.175,0.0,62,@CNN
262,0.0,Sat Jul 14 05:31:00 +0000 2018,1.0,0.0,0.0,63,@CNN
263,0.4005,Sat Jul 14 05:16:04 +0000 2018,0.77,0.072,0.159,64,@CNN
264,-0.5574,Sat Jul 14 05:05:03 +0000 2018,0.841,0.159,0.0,65,@CNN
265,-0.5423,Sat Jul 14 05:01:07 +0000 2018,0.717,0.211,0.072,66,@CNN
266,0.4019,Sat Jul 14 04:46:08 +0000 2018,0.87,0.0,0.13,67,@CNN
267,0.1779,Sat Jul 14 04:31:00 +0000 2018,0.928,0.0,0.072,68,@CNN
268,0.0,Sat Jul 14 04:16:05 +0000 2018,1.0,0.0,0.0,69,@CNN
269,0.0,Sat Jul 14 04:01:08 +0000 2018,1.0,0.0,0.0,70,@CNN
270,0.5574,Sat Jul 14 03:44:09 +0000 2018,0.841,0.0,0.159,71,@CNN
271,0.0,Sat Jul 14 03:37:14 +0000 2018,1.0,0.0,0.0,72,@CNN
272,0.0,Sat Jul 14 03:31:04 +0000 2018,1.0,0.0,0.0,73,@CNN
273,0.0,Sat Jul 14 03:27:58 +0000 2018,1.0,0.0,0.0,74,@CNN
274,0.0,Sat Jul 14 03:16:03 +0000 2018,1.0,0.0,0.0,75,@CNN
275,0.5709,Sat Jul 14 03:14:15 +0000 2018,0.81,0.0,0.19,76,@CNN
276,0.0,Sat Jul 14 03:01:03 +0000 2018,1.0,0.0,0.0,77,@CNN
277,-0.7003,Sat Jul 14 02:51:02 +0000 2018,0.775,0.225,0.0,78,@CNN
278,-0.5574,Sat Jul 14 02:31:56 +0000 2018,0.813,0.187,0.0,79,@CNN
279,0.0,Sat Jul 14 02:28:19 +0000 2018,1.0,0.0,0.0,80,@CNN
280,0.0,Sat Jul 14 02:27:07 +0000 2018,1.0,0.0,0.0,81,@CNN
281,0.296,Sat Jul 14 02:24:13 +0000 2018,0.82,0.0,0.18,82,@CNN
282,0.0,Sat Jul 14 02:16:03 +0000 2018,1.0,0.0,0.0,83,@CNN
283,0.0,Sat Jul 14 02:15:12 +0000 2018,1.0,0.0,0.0,84,@CNN
284,-0.9042,Sat Jul 14 02:07:48 +0000 2018,0.603,0.397,0.0,85,@CNN
285,-0.4767,Sat Jul 14 02:06:03 +0000 2018,0.86,0.14,0.0,86,@CNN
286,0.4118,Sat Jul 14 02:01:04 +0000 2018,0.842,0.0,0.158,87,@CNN
287,-0.5994,Sat Jul 14 01:51:06 +0000 2018,0.83,0.17,0.0,88,@CNN
288,0.3818,Sat Jul 14 01:41:08 +0000 2018,0.843,0.0,0.157,89,@CNN
289,0.0258,Sat Jul 14 01:36:05 +0000 2018,0.776,0.11,0.114,90,@CNN
290,0.0258,Sat Jul 14 01:31:07 +0000 2018,0.809,0.094,0.098,91,@CNN
291,0.34,Sat Jul 14 01:21:04 +0000 2018,0.893,0.0,0.107,92,@CNN
292,0.2023,Sat Jul 14 01:12:02 +0000 2018,0.917,0.0,0.083,93,@CNN
293,0.5034,Sat Jul 14 01:10:08 +0000 2018,0.847,0.0,0.153,94,@CNN
294,0.5574,Sat Jul 14 01:01:03 +0000 2018,0.806,0.0,0.194,95,@CNN
295,0.0,Sat Jul 14 01:00:20 +0000 2018,1.0,0.0,0.0,96,@CNN
296,-0.7269,Sat Jul 14 01:00:10 +0000 2018,0.775,0.225,0.0,97,@CNN
297,0.0,Sat Jul 14 00:54:14 +0000 2018,1.0,0.0,0.0,98,@CNN
298,-0.5106,Sat Jul 14 00:43:39 +0000 2018,0.864,0.136,0.0,99,@CNN
299,0.0,Sat Jul 14 00:43:14 +0000 2018,1.0,0.0,0.0,100,@CNN
300,0.6705,Sun Jul 15 01:33:49 +0000 2018,0.744,0.0,0.256,1,@FoxNews
301,0.5267,Sun Jul 15 01:29:08 +0000 2018,0.848,0.0,0.152,2,@FoxNews
302,0.5423,Sun Jul 15 01:19:34 +0000 2018,0.774,0.0,0.226,3,@FoxNews
303,-0.4939,Sun Jul 15 01:16:04 +0000 2018,0.694,0.204,0.102,4,@FoxNews
304,-0.3867,Sun Jul 15 01:16:00 +0000 2018,0.79,0.143,0.067,5,@FoxNews
305,0.3612,Sun Jul 15 01:08:32 +0000 2018,0.828,0.0,0.172,6,@FoxNews
306,0.0,Sun Jul 15 00:58:05 +0000 2018,1.0,0.0,0.0,7,@FoxNews
307,0.128,Sun Jul 15 00:50:00 +0000 2018,0.919,0.0,0.081,8,@FoxNews
308,0.0772,Sun Jul 15 00:45:16 +0000 2018,0.885,0.0,0.115,9,@FoxNews
309,0.281,Sun Jul 15 00:43:27 +0000 2018,0.771,0.086,0.144,10,@FoxNews
310,0.0,Sun Jul 15 00:38:49 +0000 2018,1.0,0.0,0.0,11,@FoxNews
311,0.0,Sun Jul 15 00:35:00 +0000 2018,1.0,0.0,0.0,12,@FoxNews
312,0.0,Sun Jul 15 00:28:44 +0000 2018,1.0,0.0,0.0,13,@FoxNews
313,0.0,Sun Jul 15 00:09:53 +0000 2018,1.0,0.0,0.0,14,@FoxNews
314,-0.5994,Sun Jul 15 00:07:38 +0000 2018,0.651,0.26,0.089,15,@FoxNews
315,0.357,Sun Jul 15 00:02:55 +0000 2018,0.85,0.0,0.15,16,@FoxNews
316,0.25,Sat Jul 14 23:53:15 +0000 2018,0.693,0.129,0.178,17,@FoxNews
317,0.0,Sat Jul 14 23:43:07 +0000 2018,1.0,0.0,0.0,18,@FoxNews
318,0.1779,Sat Jul 14 23:35:51 +0000 2018,0.776,0.096,0.128,19,@FoxNews
319,0.3382,Sat Jul 14 23:35:00 +0000 2018,0.685,0.11,0.205,20,@FoxNews
320,0.4019,Sat Jul 14 23:34:05 +0000 2018,0.847,0.0,0.153,21,@FoxNews
321,0.0,Sat Jul 14 23:29:38 +0000 2018,1.0,0.0,0.0,22,@FoxNews
322,-0.6369,Sat Jul 14 23:11:04 +0000 2018,0.698,0.302,0.0,23,@FoxNews
323,0.4939,Sat Jul 14 22:58:41 +0000 2018,0.744,0.083,0.174,24,@FoxNews
324,-0.4019,Sat Jul 14 22:50:45 +0000 2018,0.838,0.162,0.0,25,@FoxNews
325,0.0,Sat Jul 14 22:38:01 +0000 2018,1.0,0.0,0.0,26,@FoxNews
326,0.0,Sat Jul 14 22:30:03 +0000 2018,1.0,0.0,0.0,27,@FoxNews
327,0.2023,Sat Jul 14 22:25:16 +0000 2018,0.776,0.095,0.129,28,@FoxNews
328,0.4767,Sat Jul 14 22:19:37 +0000 2018,0.662,0.099,0.238,29,@FoxNews
329,-0.4939,Sat Jul 14 22:09:26 +0000 2018,0.704,0.296,0.0,30,@FoxNews
330,0.6486,Sat Jul 14 21:57:34 +0000 2018,0.725,0.0,0.275,31,@FoxNews
331,0.128,Sat Jul 14 21:49:00 +0000 2018,0.919,0.0,0.081,32,@FoxNews
332,-0.1689,Sat Jul 14 21:38:17 +0000 2018,0.93,0.07,0.0,33,@FoxNews
333,0.4939,Sat Jul 14 21:32:00 +0000 2018,0.814,0.0,0.186,34,@FoxNews
334,0.0,Sat Jul 14 21:26:59 +0000 2018,1.0,0.0,0.0,35,@FoxNews
335,0.25,Sat Jul 14 21:21:55 +0000 2018,0.833,0.0,0.167,36,@FoxNews
336,0.5719,Sat Jul 14 21:18:52 +0000 2018,0.709,0.0,0.291,37,@FoxNews
337,0.4767,Sat Jul 14 21:15:21 +0000 2018,0.683,0.093,0.224,38,@FoxNews
338,0.0,Sat Jul 14 21:13:15 +0000 2018,1.0,0.0,0.0,39,@FoxNews
339,0.25,Sat Jul 14 21:11:20 +0000 2018,0.625,0.148,0.227,40,@FoxNews
340,0.0,Sat Jul 14 21:05:30 +0000 2018,1.0,0.0,0.0,41,@FoxNews
341,0.0,Sat Jul 14 21:02:18 +0000 2018,1.0,0.0,0.0,42,@FoxNews
342,0.0,Sat Jul 14 21:00:00 +0000 2018,1.0,0.0,0.0,43,@FoxNews
343,-0.7271,Sat Jul 14 20:58:19 +0000 2018,0.724,0.276,0.0,44,@FoxNews
344,0.5574,Sat Jul 14 20:56:48 +0000 2018,0.765,0.0,0.235,45,@FoxNews
345,0.1298,Sat Jul 14 20:43:42 +0000 2018,0.803,0.088,0.108,46,@FoxNews
346,0.0,Sat Jul 14 20:36:46 +0000 2018,1.0,0.0,0.0,47,@FoxNews
347,0.4588,Sat Jul 14 20:35:54 +0000 2018,0.789,0.0,0.211,48,@FoxNews
348,0.4019,Sat Jul 14 20:15:40 +0000 2018,0.847,0.0,0.153,49,@FoxNews
349,0.25,Sat Jul 14 20:08:35 +0000 2018,0.625,0.148,0.227,50,@FoxNews
350,0.7184,Sat Jul 14 20:03:55 +0000 2018,0.636,0.0,0.364,51,@FoxNews
351,0.0,Sat Jul 14 19:51:58 +0000 2018,1.0,0.0,0.0,52,@FoxNews
352,0.1779,Sat Jul 14 19:45:06 +0000 2018,0.718,0.124,0.158,53,@FoxNews
353,0.5556,Sat Jul 14 19:44:06 +0000 2018,0.685,0.0,0.315,54,@FoxNews
354,0.0,Sat Jul 14 19:34:28 +0000 2018,1.0,0.0,0.0,55,@FoxNews
355,-0.6597,Sat Jul 14 19:29:13 +0000 2018,0.291,0.453,0.256,56,@FoxNews
356,0.0,Sat Jul 14 19:21:15 +0000 2018,1.0,0.0,0.0,57,@FoxNews
357,-0.743,Sat Jul 14 19:06:57 +0000 2018,0.717,0.283,0.0,58,@FoxNews
358,0.0,Sat Jul 14 19:03:36 +0000 2018,1.0,0.0,0.0,59,@FoxNews
359,0.0,Sat Jul 14 19:00:32 +0000 2018,1.0,0.0,0.0,60,@FoxNews
360,0.7845,Sat Jul 14 18:52:22 +0000 2018,0.743,0.0,0.257,61,@FoxNews
361,0.4574,Sat Jul 14 18:50:59 +0000 2018,0.85,0.0,0.15,62,@FoxNews
362,0.25,Sat Jul 14 18:45:11 +0000 2018,0.88,0.0,0.12,63,@FoxNews
363,0.0,Sat Jul 14 18:41:52 +0000 2018,1.0,0.0,0.0,64,@FoxNews
364,0.0,Sat Jul 14 18:36:29 +0000 2018,1.0,0.0,0.0,65,@FoxNews
365,0.0,Sat Jul 14 18:35:16 +0000 2018,1.0,0.0,0.0,66,@FoxNews
366,-0.3182,Sat Jul 14 18:28:01 +0000 2018,0.881,0.119,0.0,67,@FoxNews
367,0.2263,Sat Jul 14 18:10:04 +0000 2018,0.863,0.0,0.137,68,@FoxNews
368,0.0,Sat Jul 14 18:05:39 +0000 2018,1.0,0.0,0.0,69,@FoxNews
369,-0.2244,Sat Jul 14 18:00:00 +0000 2018,0.894,0.106,0.0,70,@FoxNews
370,-0.6369,Sat Jul 14 17:59:50 +0000 2018,0.682,0.318,0.0,71,@FoxNews
371,-0.1027,Sat Jul 14 17:55:00 +0000 2018,0.915,0.085,0.0,72,@FoxNews
372,0.0,Sat Jul 14 17:48:00 +0000 2018,1.0,0.0,0.0,73,@FoxNews
373,-0.296,Sat Jul 14 17:36:00 +0000 2018,0.804,0.196,0.0,74,@FoxNews
374,0.0,Sat Jul 14 17:30:00 +0000 2018,1.0,0.0,0.0,75,@FoxNews
375,0.5994,Sat Jul 14 17:27:55 +0000 2018,0.738,0.0,0.262,76,@FoxNews
376,0.6801,Sat Jul 14 17:23:00 +0000 2018,0.752,0.0,0.248,77,@FoxNews
377,0.0,Sat Jul 14 17:18:00 +0000 2018,1.0,0.0,0.0,78,@FoxNews
378,-0.4939,Sat Jul 14 17:16:09 +0000 2018,0.694,0.204,0.102,79,@FoxNews
379,0.5267,Sat Jul 14 17:08:03 +0000 2018,0.825,0.0,0.175,80,@FoxNews
380,0.5267,Sat Jul 14 17:00:00 +0000 2018,0.793,0.0,0.207,81,@FoxNews
381,0.128,Sat Jul 14 16:49:00 +0000 2018,0.776,0.1,0.123,82,@FoxNews
382,0.128,Sat Jul 14 16:47:55 +0000 2018,0.889,0.0,0.111,83,@FoxNews
383,-0.0258,Sat Jul 14 16:45:03 +0000 2018,0.802,0.102,0.096,84,@FoxNews
384,0.0,Sat Jul 14 16:36:15 +0000 2018,1.0,0.0,0.0,85,@FoxNews
385,-0.1027,Sat Jul 14 16:31:28 +0000 2018,0.811,0.104,0.086,86,@FoxNews
386,0.0,Sat Jul 14 16:30:54 +0000 2018,1.0,0.0,0.0,87,@FoxNews
387,0.5574,Sat Jul 14 16:29:00 +0000 2018,0.816,0.0,0.184,88,@FoxNews
388,0.0,Sat Jul 14 16:22:40 +0000 2018,1.0,0.0,0.0,89,@FoxNews
389,0.0,Sat Jul 14 16:19:02 +0000 2018,1.0,0.0,0.0,90,@FoxNews
390,0.5574,Sat Jul 14 16:16:00 +0000 2018,0.783,0.0,0.217,91,@FoxNews
391,-0.2263,Sat Jul 14 16:09:08 +0000 2018,0.872,0.128,0.0,92,@FoxNews
392,0.3595,Sat Jul 14 16:01:00 +0000 2018,0.762,0.081,0.157,93,@FoxNews
393,0.0,Sat Jul 14 15:45:00 +0000 2018,1.0,0.0,0.0,94,@FoxNews
394,0.7845,Sat Jul 14 15:43:34 +0000 2018,0.653,0.0,0.347,95,@FoxNews
395,0.0,Sat Jul 14 15:38:11 +0000 2018,1.0,0.0,0.0,96,@FoxNews
396,0.4404,Sat Jul 14 15:25:15 +0000 2018,0.847,0.0,0.153,97,@FoxNews
397,0.4215,Sat Jul 14 15:20:23 +0000 2018,0.877,0.0,0.123,98,@FoxNews
398,0.0,Sat Jul 14 15:15:19 +0000 2018,1.0,0.0,0.0,99,@FoxNews
399,-0.34,Sat Jul 14 15:09:18 +0000 2018,0.844,0.156,0.0,100,@FoxNews
400,-0.4404,Sun Jul 15 01:23:20 +0000 2018,0.847,0.153,0.0,1,@nytimes
401,-0.8555,Sun Jul 15 01:07:13 +0000 2018,0.488,0.512,0.0,2,@nytimes
402,0.5267,Sun Jul 15 01:00:02 +0000 2018,0.747,0.0,0.253,3,@nytimes
403,0.0,Sun Jul 15 00:31:01 +0000 2018,1.0,0.0,0.0,4,@nytimes
404,-0.2263,Sun Jul 15 00:18:33 +0000 2018,0.826,0.174,0.0,5,@nytimes
405,0.296,Sun Jul 15 00:12:24 +0000 2018,0.901,0.0,0.099,6,@nytimes
406,0.0,Sat Jul 14 23:56:17 +0000 2018,1.0,0.0,0.0,7,@nytimes
407,0.2263,Sat Jul 14 23:54:13 +0000 2018,0.881,0.0,0.119,8,@nytimes
408,0.0772,Sat Jul 14 23:38:43 +0000 2018,0.421,0.274,0.305,9,@nytimes
409,-0.7506,Sat Jul 14 23:35:30 +0000 2018,0.522,0.478,0.0,10,@nytimes
410,-0.5267,Sat Jul 14 23:28:19 +0000 2018,0.538,0.323,0.14,11,@nytimes
411,0.0,Sat Jul 14 23:16:40 +0000 2018,1.0,0.0,0.0,12,@nytimes
412,-0.34,Sat Jul 14 22:57:40 +0000 2018,0.806,0.194,0.0,13,@nytimes
413,0.4404,Sat Jul 14 22:45:52 +0000 2018,0.854,0.0,0.146,14,@nytimes
414,-0.4767,Sat Jul 14 22:28:16 +0000 2018,0.438,0.358,0.204,15,@nytimes
415,-0.3804,Sat Jul 14 22:17:48 +0000 2018,0.715,0.178,0.107,16,@nytimes
416,0.0,Sat Jul 14 22:00:06 +0000 2018,1.0,0.0,0.0,17,@nytimes
417,0.0,Sat Jul 14 21:45:06 +0000 2018,1.0,0.0,0.0,18,@nytimes
418,-0.6249,Sat Jul 14 21:30:09 +0000 2018,0.745,0.255,0.0,19,@nytimes
419,0.0,Sat Jul 14 21:22:04 +0000 2018,1.0,0.0,0.0,20,@nytimes
420,0.7783,Sat Jul 14 21:15:05 +0000 2018,0.526,0.09,0.383,21,@nytimes
421,-0.2263,Sat Jul 14 21:00:02 +0000 2018,0.717,0.161,0.121,22,@nytimes
422,-0.3818,Sat Jul 14 20:45:06 +0000 2018,0.867,0.133,0.0,23,@nytimes
423,-0.2263,Sat Jul 14 20:30:07 +0000 2018,0.894,0.106,0.0,24,@nytimes
424,0.0,Sat Jul 14 20:15:05 +0000 2018,1.0,0.0,0.0,25,@nytimes
425,-0.296,Sat Jul 14 20:00:11 +0000 2018,0.896,0.104,0.0,26,@nytimes
426,0.0,Sat Jul 14 19:45:06 +0000 2018,1.0,0.0,0.0,27,@nytimes
427,0.5574,Sat Jul 14 19:30:14 +0000 2018,0.847,0.0,0.153,28,@nytimes
428,0.0,Sat Jul 14 19:15:11 +0000 2018,1.0,0.0,0.0,29,@nytimes
429,0.296,Sat Jul 14 19:00:10 +0000 2018,0.864,0.0,0.136,30,@nytimes
430,0.0387,Sat Jul 14 18:45:06 +0000 2018,0.827,0.083,0.09,31,@nytimes
431,-0.2584,Sat Jul 14 18:30:17 +0000 2018,0.865,0.135,0.0,32,@nytimes
432,-0.296,Sat Jul 14 18:15:04 +0000 2018,0.905,0.095,0.0,33,@nytimes
433,0.8126,Sat Jul 14 18:00:04 +0000 2018,0.603,0.067,0.33,34,@nytimes
434,-0.128,Sat Jul 14 17:45:08 +0000 2018,0.927,0.073,0.0,35,@nytimes
435,0.0,Sat Jul 14 17:30:07 +0000 2018,1.0,0.0,0.0,36,@nytimes
436,0.0,Sat Jul 14 17:15:06 +0000 2018,1.0,0.0,0.0,37,@nytimes
437,0.0,Sat Jul 14 17:00:04 +0000 2018,0.772,0.114,0.114,38,@nytimes
438,0.0,Sat Jul 14 16:45:07 +0000 2018,1.0,0.0,0.0,39,@nytimes
439,-0.7579,Sat Jul 14 16:35:03 +0000 2018,0.772,0.228,0.0,40,@nytimes
440,0.5719,Sat Jul 14 16:24:19 +0000 2018,0.623,0.117,0.261,41,@nytimes
441,0.0,Sat Jul 14 16:20:06 +0000 2018,1.0,0.0,0.0,42,@nytimes
442,0.7579,Sat Jul 14 16:05:02 +0000 2018,0.735,0.0,0.265,43,@nytimes
443,-0.5574,Sat Jul 14 15:50:02 +0000 2018,0.833,0.167,0.0,44,@nytimes
444,0.7314,Sat Jul 14 15:35:05 +0000 2018,0.549,0.142,0.309,45,@nytimes
445,0.4199,Sat Jul 14 15:20:03 +0000 2018,0.883,0.0,0.117,46,@nytimes
446,0.0,Sat Jul 14 15:05:06 +0000 2018,1.0,0.0,0.0,47,@nytimes
447,0.0,Sat Jul 14 14:50:04 +0000 2018,1.0,0.0,0.0,48,@nytimes
448,0.0,Sat Jul 14 14:40:08 +0000 2018,1.0,0.0,0.0,49,@nytimes
449,-0.3919,Sat Jul 14 14:30:09 +0000 2018,0.726,0.175,0.1,50,@nytimes
450,0.4939,Sat Jul 14 14:17:06 +0000 2018,0.563,0.141,0.296,51,@nytimes
451,-0.3612,Sat Jul 14 14:02:04 +0000 2018,0.762,0.238,0.0,52,@nytimes
452,0.3182,Sat Jul 14 13:42:03 +0000 2018,0.839,0.0,0.161,53,@nytimes
453,-0.296,Sat Jul 14 13:21:05 +0000 2018,0.784,0.216,0.0,54,@nytimes
454,-0.2023,Sat Jul 14 13:02:04 +0000 2018,0.87,0.13,0.0,55,@nytimes
455,0.3818,Sat Jul 14 12:42:05 +0000 2018,0.843,0.0,0.157,56,@nytimes
456,0.4404,Sat Jul 14 12:21:06 +0000 2018,0.854,0.0,0.146,57,@nytimes
457,0.0,Sat Jul 14 12:02:04 +0000 2018,1.0,0.0,0.0,58,@nytimes
458,0.4926,Sat Jul 14 11:41:02 +0000 2018,0.868,0.0,0.132,59,@nytimes
459,0.4404,Sat Jul 14 11:21:01 +0000 2018,0.868,0.0,0.132,60,@nytimes
460,0.0516,Sat Jul 14 11:02:04 +0000 2018,0.708,0.163,0.129,61,@nytimes
461,0.0,Sat Jul 14 10:52:59 +0000 2018,1.0,0.0,0.0,62,@nytimes
462,0.0,Sat Jul 14 10:35:48 +0000 2018,1.0,0.0,0.0,63,@nytimes
463,0.0,Sat Jul 14 10:31:04 +0000 2018,1.0,0.0,0.0,64,@nytimes
464,0.0,Sat Jul 14 10:14:48 +0000 2018,1.0,0.0,0.0,65,@nytimes
465,0.0,Sat Jul 14 10:07:16 +0000 2018,1.0,0.0,0.0,66,@nytimes
466,0.6486,Sat Jul 14 09:50:19 +0000 2018,0.47,0.121,0.409,67,@nytimes
467,0.8176,Sat Jul 14 09:32:02 +0000 2018,0.564,0.0,0.436,68,@nytimes
468,0.4404,Sat Jul 14 09:10:05 +0000 2018,0.805,0.0,0.195,69,@nytimes
469,0.6369,Sat Jul 14 09:08:25 +0000 2018,0.802,0.0,0.198,70,@nytimes
470,-0.6369,Sat Jul 14 08:50:44 +0000 2018,0.833,0.167,0.0,71,@nytimes
471,-0.1531,Sat Jul 14 08:33:04 +0000 2018,0.918,0.082,0.0,72,@nytimes
472,0.0,Sat Jul 14 08:09:19 +0000 2018,1.0,0.0,0.0,73,@nytimes
473,0.0,Sat Jul 14 07:51:52 +0000 2018,1.0,0.0,0.0,74,@nytimes
474,0.0,Sat Jul 14 07:33:06 +0000 2018,1.0,0.0,0.0,75,@nytimes
475,-0.3182,Sat Jul 14 07:06:06 +0000 2018,0.733,0.168,0.099,76,@nytimes
476,0.5106,Sat Jul 14 06:48:47 +0000 2018,0.837,0.0,0.163,77,@nytimes
477,-0.34,Sat Jul 14 06:32:01 +0000 2018,0.882,0.118,0.0,78,@nytimes
478,0.0,Sat Jul 14 06:02:38 +0000 2018,1.0,0.0,0.0,79,@nytimes
479,0.0,Sat Jul 14 05:46:04 +0000 2018,1.0,0.0,0.0,80,@nytimes
480,-0.5574,Sat Jul 14 05:32:02 +0000 2018,0.859,0.141,0.0,81,@nytimes
481,0.0,Sat Jul 14 05:06:06 +0000 2018,1.0,0.0,0.0,82,@nytimes
482,-0.296,Sat Jul 14 04:55:42 +0000 2018,0.901,0.099,0.0,83,@nytimes
483,-0.5563,Sat Jul 14 04:39:05 +0000 2018,0.86,0.14,0.0,84,@nytimes
484,0.0,Sat Jul 14 04:22:03 +0000 2018,1.0,0.0,0.0,85,@nytimes
485,-0.3182,Sat Jul 14 04:11:38 +0000 2018,0.827,0.173,0.0,86,@nytimes
486,0.8225,Sat Jul 14 04:02:05 +0000 2018,0.613,0.071,0.316,87,@nytimes
487,0.0,Sat Jul 14 03:47:03 +0000 2018,1.0,0.0,0.0,88,@nytimes
488,0.2023,Sat Jul 14 03:39:42 +0000 2018,0.859,0.0,0.141,89,@nytimes
489,-0.5267,Sat Jul 14 03:32:04 +0000 2018,0.855,0.145,0.0,90,@nytimes
490,-0.4019,Sat Jul 14 03:17:02 +0000 2018,0.838,0.162,0.0,91,@nytimes
491,0.8555,Sat Jul 14 03:02:03 +0000 2018,0.455,0.0,0.545,92,@nytimes
492,-0.8807,Sat Jul 14 02:47:06 +0000 2018,0.603,0.397,0.0,93,@nytimes
493,-0.0772,Sat Jul 14 02:32:05 +0000 2018,0.711,0.151,0.138,94,@nytimes
494,-0.6407,Sat Jul 14 02:17:03 +0000 2018,0.784,0.216,0.0,95,@nytimes
495,-0.1779,Sat Jul 14 02:02:03 +0000 2018,0.738,0.144,0.118,96,@nytimes
496,0.2023,Sat Jul 14 01:48:04 +0000 2018,0.913,0.0,0.087,97,@nytimes
497,0.0,Sat Jul 14 01:37:29 +0000 2018,1.0,0.0,0.0,98,@nytimes
498,0.2831,Sat Jul 14 01:32:02 +0000 2018,0.757,0.083,0.16,99,@nytimes
499,0.0,Sat Jul 14 01:17:06 +0000 2018,1.0,0.0,0.0,100,@nytimes
